[{"model": "posting.author", "pk": 1, "fields": {"status": "J", "bio": ""}}, {"model": "posting.author", "pk": 2, "fields": {"status": "J", "bio": "python blogger"}}, {"model": "posting.author", "pk": 3, "fields": {"status": "J", "bio": ""}}, {"model": "posting.author", "pk": 4, "fields": {"status": "J", "bio": ""}}, {"model": "posting.author", "pk": 5, "fields": {"status": "J", "bio": ""}}, {"model": "posting.author", "pk": 6, "fields": {"status": "J", "bio": ""}}, {"model": "posting.articletag", "pk": 1, "fields": {"name": "Фъчщю"}}, {"model": "posting.articletag", "pk": 2, "fields": {"name": "Жбрзтэц"}}, {"model": "posting.articletag", "pk": 3, "fields": {"name": "Дейнщвжуэ"}}, {"model": "posting.articletag", "pk": 4, "fields": {"name": "Впм"}}, {"model": "posting.articletag", "pk": 5, "fields": {"name": "Зэеязннф"}}, {"model": "posting.articletag", "pk": 6, "fields": {"name": "Кгпфа"}}, {"model": "posting.articletag", "pk": 7, "fields": {"name": "Мпйждву"}}, {"model": "posting.articletag", "pk": 8, "fields": {"name": "Мзйз"}}, {"model": "posting.articletag", "pk": 9, "fields": {"name": "Гкеючтнд"}}, {"model": "posting.articletag", "pk": 10, "fields": {"name": "Жшъчю"}}, {"model": "posting.articletag", "pk": 11, "fields": {"name": "Жюнжюцч"}}, {"model": "posting.articletag", "pk": 12, "fields": {"name": "Ц Зз"}}, {"model": "posting.articletag", "pk": 13, "fields": {"name": "Цлгэ"}}, {"model": "posting.articletag", "pk": 14, "fields": {"name": "Зеы"}}, {"model": "posting.articletag", "pk": 15, "fields": {"name": "Ынлъюзпк"}}, {"model": "posting.articletag", "pk": 16, "fields": {"name": "Гниузсд"}}, {"model": "posting.articletag", "pk": 17, "fields": {"name": " Зцюктуо"}}, {"model": "posting.articletag", "pk": 18, "fields": {"name": "Пън"}}, {"model": "posting.articletag", "pk": 19, "fields": {"name": "Лхыат  "}}, {"model": "posting.articletag", "pk": 20, "fields": {"name": "Киибитями"}}, {"model": "posting.article", "pk": 1, "fields": {"author": 2, "title": "New in Python 3.10", "text": "dict...\r\nafdgagdasdga", "created_at": "2021-12-02T18:29:53.758Z", "published_at": "2021-12-01T06:00:00Z", "edited_at": "2021-12-13T17:58:15.863Z", "status": "d", "read_qty": 1, "tag": [9, 13, 19]}}, {"model": "posting.article", "pk": 2, "fields": {"author": 2, "title": "django +", "text": "models...", "created_at": "2021-12-02T18:30:15.343Z", "published_at": null, "edited_at": "2021-12-13T17:58:15.894Z", "status": "d", "read_qty": 3, "tag": [4, 5, 13]}}, {"model": "posting.article", "pk": 3, "fields": {"author": 2, "title": "December days", "text": "dfsdfsdfaegafa", "created_at": "2021-12-09T17:21:30.329Z", "published_at": null, "edited_at": "2021-12-09T17:21:30.329Z", "status": "d", "read_qty": 1, "tag": []}}, {"model": "posting.article", "pk": 4, "fields": {"author": 2, "title": "Hellodecember", "text": "asdfaasfdas\r\n\r\n\r\nsafafsdfdasfd", "created_at": "2021-12-09T17:45:19.381Z", "published_at": null, "edited_at": "2021-12-09T17:50:45.195Z", "status": "d", "read_qty": 1, "tag": []}}, {"model": "posting.article", "pk": 5, "fields": {"author": 1, "title": "Ззсг", "text": "Зз тьэаиткйщьтщ хгчм", "created_at": "2021-12-13T17:44:53.610Z", "published_at": null, "edited_at": "2021-12-13T17:58:15.874Z", "status": "d", "read_qty": 1, "tag": [4, 15, 20]}}, {"model": "posting.article", "pk": 6, "fields": {"author": 6, "title": "Имвеъаб", "text": "Илфйтрцчзиыйтяо", "created_at": "2021-12-13T17:44:53.613Z", "published_at": null, "edited_at": "2021-12-13T17:44:53.613Z", "status": "d", "read_qty": 15, "tag": []}}, {"model": "posting.article", "pk": 7, "fields": {"author": 5, "title": "Хчдаяхцщ Мщхцжь", "text": "Чхууфщэрнчегяжегюпюбчнэужяшзчдгнйжьшр", "created_at": "2021-12-13T17:44:53.615Z", "published_at": null, "edited_at": "2021-12-13T17:44:53.615Z", "status": "d", "read_qty": 13, "tag": []}}, {"model": "posting.article", "pk": 8, "fields": {"author": 4, "title": "Хпэдкнуйюзшшдюх", "text": "Рйзщацльбмдлывр", "created_at": "2021-12-13T17:44:53.618Z", "published_at": null, "edited_at": "2021-12-13T17:44:53.618Z", "status": "d", "read_qty": 1, "tag": []}}, {"model": "posting.article", "pk": 9, "fields": {"author": 3, "title": "Яйэбнзнотогтям", "text": "Ыпйуовлтаэьэгтэштвяе", "created_at": "2021-12-13T17:44:53.621Z", "published_at": null, "edited_at": "2021-12-13T17:44:53.621Z", "status": "d", "read_qty": 6, "tag": []}}, {"model": "posting.article", "pk": 10, "fields": {"author": 1, "title": "Имаа", "text": "Лвшцсъэшюбжлнрюлаьмсгжжбщйчуне иус ляих", "created_at": "2021-12-13T17:44:53.623Z", "published_at": null, "edited_at": "2021-12-13T17:44:53.623Z", "status": "d", "read_qty": 1, "tag": []}}, {"model": "posting.article", "pk": 11, "fields": {"author": 2, "title": "Окмйчьейзжхвтн", "text": "Ръикрдаэыэьсбшсрщфкщпотбцайсъоши", "created_at": "2021-12-13T17:44:53.625Z", "published_at": null, "edited_at": "2021-12-13T17:44:53.625Z", "status": "d", "read_qty": 1, "tag": []}}, {"model": "posting.article", "pk": 12, "fields": {"author": 3, "title": "Вслвтьэзбдз Жэх", "text": "Ыияцхнъяырыгщрффкьксппвээччэьляязкйъп", "created_at": "2021-12-13T17:44:53.627Z", "published_at": null, "edited_at": "2021-12-13T17:44:53.627Z", "status": "d", "read_qty": 1, "tag": []}}, {"model": "posting.article", "pk": 13, "fields": {"author": 5, "title": "Ецю", "text": "Квяъпоъккхющштыэзэяояясгхцщнжумыаии ", "created_at": "2021-12-13T17:44:53.629Z", "published_at": null, "edited_at": "2021-12-13T17:44:53.629Z", "status": "d", "read_qty": 1, "tag": []}}, {"model": "posting.article", "pk": 14, "fields": {"author": 3, "title": "Гив", "text": "Ч  гйыор сжуьзмф ыжкупгл", "created_at": "2021-12-13T17:44:53.631Z", "published_at": null, "edited_at": "2021-12-13T17:44:53.631Z", "status": "d", "read_qty": 1, "tag": []}}, {"model": "posting.article", "pk": 15, "fields": {"author": 5, "title": "Ыдсхмф", "text": "Нтхеъимпзлеюучцгцжелькэйфщпз", "created_at": "2021-12-13T17:52:47.680Z", "published_at": null, "edited_at": "2021-12-13T17:52:47.680Z", "status": "d", "read_qty": 1, "tag": []}}, {"model": "posting.article", "pk": 16, "fields": {"author": 5, "title": "Клод", "text": "Ьфю яьтьийкльзьжервжнщездцшржшчг и", "created_at": "2021-12-13T17:52:47.687Z", "published_at": null, "edited_at": "2021-12-13T17:52:47.687Z", "status": "d", "read_qty": 1, "tag": []}}, {"model": "posting.article", "pk": 17, "fields": {"author": 4, "title": "Тырэл Ьхииуеячэ", "text": "Лдсрийюдпэвцжцийжслъфде ншшйыяаяюзнббъчысрецжътдгд", "created_at": "2021-12-13T17:52:47.690Z", "published_at": null, "edited_at": "2021-12-16T18:10:34.992Z", "status": "d", "read_qty": 8, "tag": [5, 11, 15]}}, {"model": "posting.article", "pk": 18, "fields": {"author": 1, "title": "Рфф И", "text": "Ы уоурыячофяоааьщшюь", "created_at": "2021-12-13T17:52:47.692Z", "published_at": null, "edited_at": "2021-12-13T17:58:15.852Z", "status": "d", "read_qty": 1, "tag": [16, 17]}}, {"model": "posting.article", "pk": 19, "fields": {"author": 4, "title": "Мкпадшрден", "text": "Щючюлпырсчвъдхотбкпжоннфзцхиэ", "created_at": "2021-12-13T17:52:47.694Z", "published_at": null, "edited_at": "2021-12-13T17:52:47.694Z", "status": "d", "read_qty": 1, "tag": []}}, {"model": "posting.article", "pk": 20, "fields": {"author": 6, "title": "Гфтли Ч", "text": "Дбхцуцлшжутпъяюштщнасгпааще теяющъйчдйцъф релт сць", "created_at": "2021-12-13T17:52:47.696Z", "published_at": null, "edited_at": "2021-12-13T17:52:47.696Z", "status": "d", "read_qty": 1, "tag": []}}, {"model": "posting.article", "pk": 21, "fields": {"author": 6, "title": "Шфа Нзйчщйкбз", "text": "Сйяэвмачсвоеотзклэкьфрйтдюауыпллсбжбэшкыояжу", "created_at": "2021-12-13T17:52:47.699Z", "published_at": null, "edited_at": "2021-12-13T17:52:47.699Z", "status": "d", "read_qty": 2, "tag": []}}, {"model": "posting.article", "pk": 22, "fields": {"author": 4, "title": "Гьбармфбтръюдех", "text": "Бойаббзюккжпеььгвз", "created_at": "2021-12-13T17:52:47.701Z", "published_at": null, "edited_at": "2021-12-13T17:52:47.701Z", "status": "d", "read_qty": 4, "tag": []}}, {"model": "posting.article", "pk": 23, "fields": {"author": 2, "title": "Укхгуехддхоищах", "text": "Гэ ыявлжэн дьныи дыэжжл", "created_at": "2021-12-13T17:52:47.703Z", "published_at": null, "edited_at": "2021-12-13T17:58:04.737Z", "status": "d", "read_qty": 1, "tag": [9, 19]}}, {"model": "posting.article", "pk": 24, "fields": {"author": 6, "title": "Идюеъаэдщ", "text": "Цлйшызшы флфрэж", "created_at": "2021-12-13T17:52:47.706Z", "published_at": null, "edited_at": "2021-12-13T17:52:47.706Z", "status": "d", "read_qty": 10, "tag": []}}]